,Meutre,Rapt,Vol,Attaque,Viol,Larcin,Auto_Theft
Cluster 0,9.209090909090909,40.77272727272727,223.69090909090912,319.6,1814.3727272727274,3573.181818181818,519.3636363636364
Cluster 1,3.94375,15.831249999999999,50.55,118.2125,899.9812499999999,2274.7,252.23125
Cluster 2,10.476470588235294,27.376470588235296,122.62941176470588,244.12941176470588,1225.8705882352942,2336.164705882353,302.05882352941177
Cluster 3,4.950000000000001,19.916666666666668,141.75,167.96666666666667,1566.2666666666667,3024.9,665.4333333333333
